Datum,Zeit,Temperatur_C,Feuchte_%,Druck_hPa
2026-01-06,20:34:54,20.29,44.77,947.67
2026-01-06,20:49:54,20.38,45.25,947.72
2026-01-06,21:04:55,20.47,45.33,947.85
2026-01-06,21:19:55,20.54,45.73,947.76
2026-01-06,21:34:55,20.64,46.85,947.71
2026-01-06,21:49:55,20.66,46.09,947.8
2026-01-06,21:52:48,22.04,48.64,1004.81
2026-01-18,12:02:41,21.73,49.96,1004.7
2026-01-18,12:17:41,21.7,50.73,1004.56
2026-01-18,12:32:41,21.63,51.22,1004.3
2026-01-18,12:47:41,21.54,51.15,1004.24
2026-01-18,13:02:41,21.59,50.61,1004.11
2026-01-18,13:17:41,21.56,50.62,1003.98
2026-01-18,13:32:41,21.36,49.18,1003.84
2026-01-18,13:47:42,21.52,49.54,1003.64
2026-01-18,14:02:42,21.65,49.1,1003.55
2026-01-18,14:17:42,21.56,49.34,1003.44
2026-01-18,14:30:03,21.03,45.74,991.16
2026-02-01,14:42:56,4.74,75.12,990.91
2026-02-01,15:24:23,4.43,76.61,990.76
2026-02-01,15:39:35,4.25,78.57,990.75
2026-02-01,15:54:35,4.18,79.03,990.61
2026-02-01,16:09:35,4.03,79.09,990.59
2026-02-01,16:24:35,3.96,79.79,990.42
2026-02-01,16:39:35,3.93,79.77,990.47
2026-02-01,16:54:35,3.82,79.73,990.45
2026-02-01,17:09:35,3.71,79.82,990.32
2026-02-01,17:24:35,3.61,79.84,990.13
2026-02-01,17:39:36,3.58,79.63,990.09
2026-02-01,17:54:36,3.57,79.46,990.17
2026-02-01,18:09:36,3.54,78.61,990.1
2026-02-01,18:24:36,3.44,78.77,990.1
2026-02-01,18:39:36,3.38,78.44,990.09
2026-02-01,18:54:36,3.28,78.89,989.99
2026-02-01,19:09:36,3.1,79.18,989.91
2026-02-01,19:24:37,3.05,79.62,989.82
2026-02-01,19:39:37,3.06,79.37,989.92
2026-02-01,19:54:37,3.07,79.52,989.89
2026-02-01,20:09:37,2.99,79.6,989.94
2026-02-01,20:24:37,3.0,79.34,989.93
2026-02-01,20:39:37,3.06,78.72,989.91
2026-02-01,20:54:37,3.01,78.9,989.8
2026-02-01,21:09:37,2.96,79.38,989.78
2026-02-01,21:24:38,2.97,78.9,989.77
2026-02-01,21:39:38,2.88,79.37,989.73
2026-02-01,21:54:38,2.77,79.72,989.62
2026-02-01,22:09:38,2.71,80.03,989.64
2026-02-01,22:24:38,2.67,79.76,989.62
2026-02-01,22:39:38,2.63,80.02,989.64
2026-02-01,22:54:38,2.66,79.66,989.5
2026-02-01,23:09:38,2.56,80.17,989.4
2026-02-01,23:24:39,2.56,80.28,989.15
2026-02-01,23:39:39,2.66,79.87,988.97
2026-02-01,23:54:39,2.58,79.85,988.79
2026-02-02,00:09:39,2.5,80.17,988.76
2026-02-02,00:24:39,2.42,80.2,988.56
2026-02-02,00:39:39,2.31,80.22,988.47
2026-02-02,00:54:39,2.07,80.74,988.2
2026-02-02,01:09:40,1.99,80.96,988.19
2026-02-02,01:24:40,2.08,80.64,988.15
2026-02-02,01:39:40,2.19,79.43,988.04
2026-02-02,01:54:40,2.04,79.88,988.0
2026-02-02,02:09:40,1.97,79.59,987.94
2026-02-02,02:24:40,1.81,80.31,987.93
2026-02-02,02:39:40,1.7,80.62,988.01
2026-02-02,02:54:40,1.77,80.08,988.0
2026-02-02,03:09:41,1.86,79.49,987.65
2026-02-02,03:24:41,1.81,78.78,987.61
2026-02-02,03:39:41,1.79,78.35,987.39
2026-02-02,03:54:41,1.87,77.74,987.36
2026-02-02,04:09:41,1.81,77.25,987.1
2026-02-02,04:24:41,1.9,76.04,987.04
2026-02-02,04:39:41,1.89,75.38,986.91
2026-02-02,04:54:42,1.91,75.07,986.82
2026-02-02,05:09:42,1.89,74.67,986.75
2026-02-02,05:24:42,1.9,74.28,986.64
2026-02-02,05:39:42,1.86,74.75,986.63
2026-02-02,05:54:42,1.82,74.43,986.7
2026-02-02,06:09:42,1.78,74.14,986.72
2026-02-02,06:24:42,1.8,73.8,986.73
2026-02-02,06:39:42,1.78,74.24,986.81
2026-02-02,06:54:43,1.73,74.02,986.7
2026-02-02,07:09:43,1.8,73.22,986.69
2026-02-02,07:24:43,1.83,72.39,986.66
2026-02-02,07:39:43,1.8,72.47,986.64
2026-02-02,07:54:43,1.8,71.86,986.78
2026-02-02,08:09:43,1.74,71.79,986.59
2026-02-02,08:24:43,1.82,70.72,986.71
2026-02-02,08:39:43,1.8,70.85,986.48
2026-02-02,08:54:44,1.91,70.25,986.71
2026-02-02,09:09:44,1.96,70.14,987.06
2026-02-02,09:24:44,2.05,70.48,987.0
2026-02-02,09:39:44,2.01,69.49,986.96
2026-02-02,09:54:44,2.1,69.15,986.96
2026-02-02,10:09:44,2.07,68.61,987.07
2026-02-02,10:24:44,2.13,68.59,987.07
2026-02-02,10:39:45,2.54,67.34,986.96
2026-02-02,10:54:45,2.98,66.01,986.89
2026-02-02,11:09:45,3.2,66.41,986.95
2026-02-02,11:24:45,3.05,64.73,986.85
2026-02-02,11:39:45,3.23,64.55,986.64
2026-02-02,11:54:45,4.12,62.54,986.55
2026-02-02,12:09:45,3.84,62.46,986.63
2026-02-02,12:24:45,3.84,62.08,986.45
2026-02-02,12:39:46,5.59,57.68,986.22
2026-02-02,12:54:46,4.52,59.4,986.27
2026-02-02,13:09:46,5.27,57.43,986.01
2026-02-02,13:24:46,6.33,55.08,985.87
2026-02-02,13:39:46,7.17,54.02,985.75
2026-02-02,13:54:46,4.73,59.78,985.82
2026-02-02,14:09:46,4.35,61.6,985.73
2026-02-02,14:24:46,3.99,64.59,985.81
2026-02-02,14:39:47,4.14,64.12,985.77
2026-02-02,14:54:47,4.25,64.39,985.67
2026-02-02,15:09:47,3.64,65.6,985.69
2026-02-02,15:24:47,3.37,65.72,985.8
2026-02-02,15:39:47,3.37,65.58,985.79
2026-02-02,15:54:47,3.34,66.19,985.8
2026-02-02,16:09:48,3.33,65.33,985.84
2026-02-02,16:24:48,3.18,65.82,985.83
2026-02-02,16:39:48,3.02,66.49,985.96
2026-02-02,16:54:48,2.84,65.83,985.8
2026-02-02,17:09:48,2.71,66.3,985.7
2026-02-02,17:24:48,2.58,65.92,985.78
2026-02-02,17:39:48,2.49,66.76,985.73
2026-02-02,17:54:49,2.44,66.32,985.75
2026-02-02,18:09:49,2.41,66.43,985.75
2026-02-02,18:24:49,2.35,66.76,985.69
2026-02-02,18:39:49,2.29,67.36,985.7
2026-02-02,18:54:49,2.22,68.02,985.39
2026-02-02,19:09:49,2.14,68.38,985.29
2026-02-02,19:24:49,2.09,69.29,985.35
2026-02-02,19:39:49,2.03,69.72,985.34
2026-02-02,19:54:50,1.96,70.67,985.31
2026-02-02,20:09:50,1.89,71.46,985.27
2026-02-02,20:24:50,1.78,71.96,985.25
2026-02-02,20:39:50,1.7,72.23,985.39
2026-02-02,20:54:50,1.67,72.31,985.44
2026-02-02,21:09:50,1.65,72.03,985.38
2026-02-02,21:24:50,1.58,71.99,985.25
2026-02-02,21:39:50,1.57,71.91,985.26
2026-02-02,21:54:51,1.51,71.53,985.37
2026-02-02,22:09:51,1.49,71.84,985.43
2026-02-02,22:24:51,1.48,71.87,985.36
2026-02-02,22:39:51,1.47,71.64,985.15
2026-02-02,22:54:51,1.44,71.73,985.06
2026-02-02,23:09:51,1.42,71.64,985.05
2026-02-02,23:24:51,1.42,71.77,984.93
2026-02-02,23:39:52,1.4,72.32,984.91
2026-02-02,23:54:52,1.38,72.13,984.99
2026-02-03,00:09:52,1.33,72.51,984.99
2026-02-03,00:24:52,1.15,72.95,985.01
2026-02-03,00:39:52,0.83,74.14,984.79
2026-02-03,00:54:52,0.47,75.29,984.7
2026-02-03,01:09:52,0.13,76.16,984.75
2026-02-03,01:24:52,0.08,76.57,984.73
2026-02-03,01:39:53,-0.13,77.05,984.56
2026-02-03,01:54:53,-0.17,76.79,984.57
2026-02-03,02:09:53,-0.38,77.52,984.76
2026-02-03,02:24:53,-0.54,78.02,984.74
2026-02-03,02:39:53,-0.57,78.18,984.57
2026-02-03,02:54:53,-0.64,78.18,984.53
2026-02-03,03:09:53,-0.74,78.6,984.39
2026-02-03,03:24:53,-0.82,78.96,984.05
2026-02-03,03:39:54,-0.79,78.79,983.93
2026-02-03,03:54:54,-0.67,78.18,983.94
2026-02-03,04:09:54,-0.47,77.28,983.8
2026-02-03,04:24:54,-0.59,77.6,983.56
2026-02-03,04:39:54,-0.71,78.19,983.52
2026-02-03,04:54:54,-0.79,78.42,983.2
2026-02-03,05:09:54,-0.76,78.14,983.39
2026-02-03,05:24:55,-0.97,79.11,983.39
2026-02-03,05:39:55,-1.18,79.65,983.57
2026-02-03,05:54:55,-1.04,79.32,983.48
2026-02-03,06:09:55,-1.05,79.47,982.9
2026-02-03,06:24:55,-1.21,79.88,982.71
2026-02-03,06:39:55,-1.07,79.68,982.72
2026-02-03,06:54:55,-0.91,79.18,982.75
2026-02-03,07:09:55,-0.7,78.31,982.92
2026-02-03,07:24:56,-0.64,78.25,982.52
2026-02-03,07:39:56,-0.54,77.75,982.82
2026-02-03,07:54:56,-0.49,77.33,982.76
2026-02-03,08:09:56,-0.33,76.65,982.47
2026-02-03,08:24:56,-0.12,75.77,982.46
2026-02-03,08:39:56,0.09,75.51,982.48
2026-02-03,08:54:56,0.4,73.85,982.47
2026-02-03,09:09:57,0.69,73.0,982.06
2026-02-03,09:24:57,1.03,71.98,982.07
2026-02-03,09:39:57,1.27,71.02,982.16
2026-02-03,09:54:57,1.55,70.1,982.29
2026-02-03,10:09:57,1.63,70.02,982.46
2026-02-03,10:24:57,1.83,68.76,982.44
2026-02-03,10:39:57,1.93,68.62,982.47
2026-02-03,10:54:57,2.12,67.44,982.57
2026-02-03,11:09:58,2.26,67.07,982.76
2026-02-03,11:24:58,2.24,67.11,982.89
2026-02-03,11:39:58,2.24,68.11,983.16
2026-02-03,11:54:58,2.25,68.14,983.36
2026-02-03,12:09:58,2.37,69.38,983.54
2026-02-03,12:24:58,2.34,69.19,983.53
2026-02-03,12:39:58,2.14,70.58,983.51
2026-02-03,12:54:58,2.18,70.4,983.57
2026-02-03,13:09:59,1.97,74.13,983.81
2026-02-03,13:24:59,1.38,77.19,983.97
2026-02-03,13:39:59,0.61,83.3,984.06
2026-02-03,13:54:59,0.13,86.94,983.82
2026-02-03,14:09:59,0.02,88.68,983.72
2026-02-03,14:24:59,0.01,88.78,983.7
2026-02-03,14:39:59,-0.0,89.17,983.86
2026-02-03,14:55:00,0.11,88.85,984.3
2026-02-03,15:10:00,0.14,88.84,984.21
2026-02-03,15:25:00,0.2,88.88,984.29
2026-02-03,15:40:00,0.07,89.68,984.32
2026-02-03,15:55:00,0.02,89.78,984.57
2026-02-03,16:10:00,-0.03,90.47,984.65
2026-02-03,16:25:00,-0.01,90.36,984.61
2026-02-03,16:40:01,-0.06,90.8,984.61
2026-02-03,16:55:01,-0.12,91.11,984.6
2026-02-03,17:10:01,-0.11,91.4,984.58
2026-02-03,17:25:01,-0.05,91.64,984.81
2026-02-03,17:40:01,-0.1,91.59,984.81
2026-02-03,17:55:01,-0.09,91.91,984.94
2026-02-03,18:10:01,-0.04,92.09,984.9
2026-02-03,18:25:02,0.05,91.93,984.9
2026-02-03,18:40:02,-0.02,92.24,984.96
2026-02-03,18:55:02,-0.03,92.3,985.03
2026-02-03,19:10:02,-0.09,92.39,985.08
2026-02-03,19:25:02,-0.07,92.47,985.25
2026-02-03,19:40:02,-0.11,92.48,985.18
2026-02-03,19:55:02,-0.09,92.78,985.24
2026-02-03,20:10:02,-0.07,93.12,985.23
2026-02-03,20:25:03,-0.1,92.7,985.35
2026-02-03,20:40:03,-0.05,92.97,985.41
2026-02-03,20:55:03,-0.1,92.89,985.46
2026-02-03,21:10:03,-0.27,92.89,985.66
2026-02-03,21:25:03,-0.23,93.26,985.69
2026-02-03,21:40:03,-0.23,93.2,985.83
2026-02-03,21:55:03,-0.09,93.29,985.92
2026-02-03,22:10:03,-0.19,93.45,986.03
2026-02-03,22:25:04,-0.58,93.26,986.06
2026-02-03,22:40:04,-0.67,93.52,985.92
2026-02-03,22:55:04,-0.91,93.37,985.94
2026-02-03,23:10:04,-1.0,93.44,985.81
2026-02-03,23:25:04,-1.11,93.4,985.88
2026-02-03,23:40:04,-1.23,93.44,985.99
2026-02-03,23:55:05,-1.25,93.54,985.97
2026-02-04,00:10:05,-1.21,93.58,986.06
2026-02-04,00:25:05,-1.47,93.83,986.01
2026-02-04,00:40:05,-1.44,93.61,986.06
2026-02-04,00:55:05,-1.62,93.69,986.06
2026-02-04,01:10:05,-1.92,93.6,985.96
2026-02-04,01:25:05,-1.75,93.58,985.87
2026-02-04,01:40:05,-2.01,93.64,985.92
2026-02-04,01:55:06,-2.04,93.73,985.89
2026-02-04,02:10:06,-2.28,93.55,985.92
2026-02-04,02:25:06,-2.41,93.76,985.81
2026-02-04,02:40:06,-2.41,93.69,985.84
2026-02-04,02:55:06,-2.45,93.64,985.8
2026-02-04,03:10:06,-2.64,93.61,985.8
2026-02-04,03:25:06,-2.74,93.53,985.67
2026-02-04,03:40:06,-2.77,93.67,985.36
2026-02-04,03:55:07,-2.74,93.62,985.22
2026-02-04,04:10:07,-2.61,93.83,985.17
2026-02-04,04:25:07,-2.61,93.91,984.97
2026-02-04,04:40:07,-2.73,94.18,984.91
2026-02-04,04:55:07,-2.7,94.3,984.73
2026-02-04,05:10:07,-2.98,94.18,984.69
2026-02-04,05:25:07,-2.39,94.58,984.69
2026-02-04,05:40:08,-2.0,96.77,984.77
2026-02-04,05:55:08,-1.72,96.23,984.63
2026-02-04,06:10:08,-1.83,95.73,984.57
2026-02-04,06:25:08,-1.69,95.71,984.45
2026-02-04,06:40:08,-1.69,95.86,984.6
2026-02-04,06:55:08,-1.98,95.82,984.6
2026-02-04,07:10:08,-1.87,95.85,984.48
2026-02-04,07:25:08,-1.88,95.89,984.59
2026-02-04,07:40:09,-1.68,95.91,984.62
2026-02-04,07:55:09,-1.5,95.97,984.71
2026-02-04,08:10:09,-1.08,95.99,984.82
2026-02-04,08:25:09,-1.16,95.98,984.87
2026-02-04,08:40:09,-1.47,95.75,984.82
2026-02-04,08:55:09,-1.26,95.82,984.88
2026-02-04,09:10:09,-0.91,95.64,984.77
2026-02-04,09:25:09,-0.94,95.47,984.79
2026-02-04,09:40:10,-0.61,94.29,984.47
2026-02-04,09:55:10,-0.44,93.87,984.46
2026-02-04,10:10:10,-0.04,92.68,984.3
2026-02-04,10:25:10,-0.05,93.14,984.17
2026-02-04,10:40:10,0.02,92.69,984.14
2026-02-04,10:55:10,0.07,92.95,984.06
2026-02-04,11:10:10,0.11,93.31,983.81
2026-02-04,11:25:10,0.28,92.55,983.65
2026-02-04,11:40:11,0.64,91.64,983.49
2026-02-04,11:55:11,1.1,89.56,983.47
2026-02-04,12:10:11,1.4,89.26,983.27
2026-02-04,12:25:11,1.88,88.28,983.19
2026-02-04,12:40:11,1.73,88.43,982.99
2026-02-04,12:55:11,2.14,88.64,982.81
2026-02-04,13:10:11,2.01,88.79,982.64
2026-02-04,13:25:12,2.55,87.97,982.35
2026-02-04,13:40:12,2.55,88.02,981.98
2026-02-04,13:55:12,3.15,87.0,981.69
2026-02-04,14:10:12,3.53,85.69,981.36
2026-02-04,14:25:12,3.42,86.45,981.13
2026-02-04,14:40:12,3.04,87.99,980.84
2026-02-04,14:55:12,2.67,89.07,980.67
2026-02-04,15:10:12,2.61,89.41,980.55
2026-02-04,15:09:02,2.43,89.37,980.5
2026-02-04,15:26:54,2.09,90.02,980.35
2026-02-04,15:41:54,1.48,90.65,980.19
2026-02-04,15:56:54,1.24,91.86,980.06
2026-02-04,16:11:54,1.04,92.69,979.9
2026-02-04,16:26:54,0.95,93.07,979.84
2026-02-04,16:41:55,0.92,93.75,979.77
2026-02-04,16:56:55,0.85,93.89,979.64
2026-02-04,17:11:55,0.71,94.16,979.51
2026-02-04,17:26:55,0.47,94.33,979.43
2026-02-04,17:41:55,0.37,94.91,979.35
2026-02-04,17:56:55,0.08,95.27,979.4
2026-02-04,18:11:55,0.29,95.42,979.29
2026-02-04,18:26:55,0.17,95.56,978.97
2026-02-04,18:41:56,0.36,95.26,978.85
2026-02-04,18:56:56,0.55,95.49,978.7
2026-02-04,19:11:56,0.53,95.09,978.82
2026-02-04,19:26:56,0.6,95.05,978.7
2026-02-04,19:41:56,0.64,94.72,978.71
2026-02-04,19:56:56,0.67,94.95,978.54
2026-02-04,20:11:56,0.61,94.83,978.57
2026-02-04,20:26:57,0.6,94.85,978.56
2026-02-04,20:41:57,0.55,94.68,978.48
2026-02-04,20:56:57,0.6,94.77,978.54
2026-02-04,21:11:57,0.74,94.55,978.45
2026-02-04,21:26:57,0.82,94.37,978.46
2026-02-04,21:41:57,0.93,93.94,978.3
2026-02-04,21:56:57,0.94,93.6,978.17
2026-02-04,22:11:57,0.99,93.11,978.09
2026-02-04,22:26:58,0.96,93.46,978.11
2026-02-04,22:41:58,0.89,93.43,978.01
2026-02-04,22:56:58,0.88,93.37,978.07
2026-02-04,23:11:58,0.89,93.65,977.98
2026-02-04,23:26:58,0.81,93.47,977.94
2026-02-04,23:41:58,0.86,93.24,977.84
2026-02-04,23:56:58,0.88,93.27,977.79
2026-02-05,00:11:59,0.74,93.75,977.91
2026-02-05,00:26:59,0.75,93.92,977.9
2026-02-05,00:41:59,0.74,93.9,977.81
2026-02-05,00:56:59,0.72,93.85,977.71
2026-02-05,01:11:59,0.71,94.24,977.66
2026-02-05,01:26:59,0.66,94.08,977.67
2026-02-05,01:41:59,0.62,94.23,977.73
2026-02-05,01:56:59,0.71,94.54,977.66
2026-02-05,02:12:00,0.63,94.3,977.7
2026-02-05,02:27:00,0.59,94.46,977.53
2026-02-05,02:42:00,0.57,94.51,977.58
2026-02-05,02:57:00,0.72,94.85,977.52
2026-02-05,03:12:00,0.78,94.73,977.5
2026-02-05,03:27:00,1.28,92.67,977.54
2026-02-05,03:42:00,1.43,90.53,977.5
2026-02-05,03:57:00,1.63,89.36,977.54
2026-02-05,04:12:01,1.56,89.17,977.38
2026-02-05,04:27:01,1.26,91.33,977.29
2026-02-05,04:42:01,0.94,92.71,977.39
2026-02-05,04:57:01,1.14,91.94,977.33
2026-02-05,05:12:01,1.39,90.74,977.42
2026-02-05,05:27:01,1.51,90.08,977.4
2026-02-05,05:42:01,1.64,89.03,977.42
2026-02-05,05:57:02,1.34,90.88,977.38
2026-02-05,06:12:02,1.14,92.17,977.39
2026-02-05,06:27:02,1.35,90.23,977.32
2026-02-05,06:42:02,1.37,90.8,977.41
2026-02-05,06:57:02,1.41,90.1,977.37
2026-02-05,07:12:02,1.25,90.95,977.47
2026-02-05,07:27:02,1.36,90.33,977.6
2026-02-05,07:42:02,1.49,88.69,977.44
2026-02-05,07:57:03,1.51,88.53,977.52
2026-02-05,08:12:03,1.53,88.77,977.65
2026-02-05,08:27:03,1.52,87.48,977.69
2026-02-05,08:42:03,1.66,86.88,977.77
2026-02-05,08:57:03,1.73,86.51,977.77
2026-02-05,09:12:03,1.86,85.35,977.74
2026-02-05,09:27:03,1.92,85.51,977.76
2026-02-05,09:42:04,2.19,86.17,977.64
2026-02-05,09:57:04,2.25,84.23,977.77
2026-02-05,10:12:04,2.5,83.59,977.78
2026-02-05,10:27:04,2.62,82.43,977.77
2026-02-05,10:42:04,2.93,81.31,977.59
2026-02-05,10:57:04,3.0,80.66,977.64
2026-02-05,11:12:04,3.14,80.52,977.76
2026-02-05,11:27:04,3.07,80.02,977.73
2026-02-05,11:42:05,3.12,81.33,977.58
2026-02-05,11:57:05,3.33,79.28,977.58
2026-02-05,12:12:05,3.53,78.48,977.39
2026-02-05,12:27:05,3.2,79.11,977.43
2026-02-05,12:42:05,3.19,79.01,977.48
2026-02-05,12:57:05,3.4,78.88,977.14
2026-02-05,13:12:05,3.52,79.39,977.03
2026-02-05,13:27:05,3.47,79.28,977.01
2026-02-05,13:42:06,3.22,79.21,977.0
2026-02-05,13:57:06,3.31,79.2,976.99
2026-02-05,14:12:06,3.53,78.51,976.89
2026-02-05,14:27:06,3.39,79.65,976.74
2026-02-05,14:42:06,3.4,79.7,976.69
2026-02-05,14:57:06,3.28,81.14,976.56
2026-02-05,15:12:06,3.39,81.64,976.47
2026-02-05,15:27:07,3.26,79.76,976.41
2026-02-05,15:42:07,3.38,79.26,976.13
2026-02-05,15:57:07,3.47,79.34,976.08
2026-02-05,16:12:07,3.29,80.76,975.87
2026-02-05,16:27:07,3.08,80.95,975.93
2026-02-05,16:42:07,2.91,81.9,975.88
2026-02-05,16:57:07,2.68,82.62,975.75
2026-02-05,17:08:49,2.6,83.35,975.76
2026-02-05,17:24:37,2.56,83.23,975.98
2026-02-05,17:39:37,2.45,83.38,976.02
2026-02-05,17:54:37,2.39,83.66,976.2
2026-02-05,18:09:38,2.37,83.95,976.21
2026-02-05,18:24:38,2.27,84.29,976.12
2026-02-05,18:39:38,2.13,84.31,975.96
2026-02-05,18:54:38,1.97,84.79,975.8
2026-02-05,19:09:38,1.79,85.34,975.57
2026-02-05,19:24:38,1.71,85.32,975.15
2026-02-05,19:39:38,1.66,85.66,974.81
2026-02-05,19:54:38,1.55,86.31,974.54
2026-02-05,20:09:39,1.53,86.55,974.32
2026-02-05,20:24:39,1.53,86.53,974.06
2026-02-05,20:39:39,1.58,86.2,974.06
2026-02-05,20:54:39,1.55,86.19,974.09
2026-02-05,21:09:39,1.47,86.29,974.1
2026-02-05,21:24:39,1.83,84.9,974.13
2026-02-05,21:26:47,1.53,86.22,974.13
2026-02-05,21:46:19,1.46,86.67,974.03
2026-02-05,22:01:19,1.44,86.58,974.04
2026-02-05,22:16:19,1.47,86.27,974.03
2026-02-05,22:31:19,1.47,86.53,973.79
2026-02-05,22:37:32,1.47,86.49,973.85
2026-02-05,22:37:36,1.5,86.36,973.89
2026-02-05,22:48:22,1.5,86.26,974.02
2026-02-05,22:51:10,1.5,86.31,973.97
2026-02-05,23:06:21,1.56,86.3,974.17
2026-02-05,23:21:22,1.58,86.3,974.2
2026-02-05,23:26:18,1.6,85.94,974.2
2026-02-05,23:26:23,1.58,86.03,974.33
2026-02-05,23:26:27,14.86,73.47,974.43
2026-02-05,23:26:32,20.44,56.68,974.38
2026-02-05,23:26:37,20.8,56.27,974.44
2026-02-06,00:14:05,20.95,55.18,974.19
2026-02-06,00:29:05,20.93,54.99,974.1
2026-02-06,00:44:05,21.04,54.98,974.07
2026-02-06,00:59:05,21.31,54.72,973.94
2026-02-06,01:14:05,21.4,54.18,974.0
2026-02-06,01:29:05,21.32,54.12,974.03
2026-02-06,01:41:26,21.2,54.49,974.06
2026-02-06,01:43:40,4.4,67.55,973.79
2026-02-06,02:07:43,1.46,80.95,973.88
2026-02-06,02:22:43,1.42,81.56,973.95
2026-02-06,02:37:43,1.36,82.57,973.88
2026-02-06,02:52:43,1.35,81.95,973.69
2026-02-06,03:07:43,1.3,82.52,973.53
2026-02-06,03:22:44,1.31,82.56,973.46
2026-02-06,03:37:44,1.19,82.8,973.42
2026-02-06,03:52:44,1.26,82.88,973.51
2026-02-06,04:07:44,1.27,83.52,973.65
2026-02-06,04:22:44,1.33,83.35,973.63
2026-02-06,04:37:44,1.37,83.56,973.8
2026-02-06,04:52:44,1.39,83.68,973.77
2026-02-06,05:07:45,1.43,82.95,973.81
2026-02-06,05:22:45,1.41,83.35,973.98
2026-02-06,05:37:45,1.42,83.11,974.03
2026-02-06,05:52:45,1.4,83.19,974.24
2026-02-06,06:07:45,1.43,82.92,974.49
2026-02-06,06:22:45,1.43,83.12,974.65
2026-02-06,06:37:45,1.38,83.54,974.77
2026-02-06,06:52:46,1.4,83.21,974.85
2026-02-06,07:07:46,1.41,83.42,975.11
2026-02-06,07:22:46,1.38,83.68,975.21
2026-02-06,07:37:46,1.42,83.3,975.47
2026-02-06,07:52:46,1.42,83.32,975.67
2026-02-06,08:07:46,1.39,83.77,975.75
2026-02-06,08:22:46,1.47,84.12,976.0
2026-02-06,08:37:47,1.61,83.71,976.13
2026-02-06,08:52:47,1.66,83.45,976.26
2026-02-06,09:07:47,1.73,82.79,976.33
2026-02-06,09:22:47,1.66,82.0,976.56
2026-02-06,09:37:47,1.7,81.27,976.72
2026-02-06,09:52:47,1.88,81.12,976.79
2026-02-06,10:07:47,2.08,80.65,976.91
2026-02-06,10:22:47,2.23,79.4,977.01
2026-02-06,10:37:48,2.33,79.45,977.18
2026-02-06,10:52:48,2.51,78.22,977.32
2026-02-06,11:07:48,2.95,76.86,977.32
2026-02-06,11:22:48,3.03,76.58,977.42
2026-02-06,11:37:48,3.08,76.9,977.49
2026-02-06,11:52:48,3.22,75.56,977.54
2026-02-06,12:07:48,3.31,75.99,977.67
2026-02-06,12:22:49,3.55,74.38,977.74
2026-02-06,12:37:49,3.67,74.31,977.86
2026-02-06,12:52:49,3.97,73.42,977.85
2026-02-06,13:07:49,3.84,74.61,977.87
2026-02-06,13:22:49,4.02,74.21,977.82
2026-02-06,13:37:49,4.39,72.71,977.89
2026-02-06,13:52:49,4.39,73.29,977.92
2026-02-06,14:07:49,4.46,73.25,977.93
2026-02-06,14:22:50,4.09,74.15,978.05
2026-02-06,14:37:50,4.21,74.41,978.16
2026-02-06,14:52:50,4.16,73.98,978.21
2026-02-06,15:07:50,4.16,75.29,978.25
2026-02-06,15:22:50,4.27,76.94,978.4
2026-02-06,15:37:50,4.0,79.94,978.52
2026-02-06,15:52:50,4.05,80.9,978.59
2026-02-06,16:07:51,4.12,80.68,978.66
2026-02-06,16:22:51,3.75,82.85,978.88
2026-02-06,16:37:51,3.5,82.21,979.1
2026-02-06,16:52:51,3.65,81.52,979.17
2026-02-06,17:07:51,3.73,82.25,979.26
2026-02-06,17:22:51,3.44,82.26,979.41
2026-02-06,17:37:51,3.36,83.38,979.5
2026-02-06,17:52:51,3.23,84.66,979.63
2026-02-06,18:07:52,3.31,84.46,979.71
2026-02-06,18:22:52,3.26,85.58,979.91
2026-02-06,18:37:52,3.28,85.26,980.17
2026-02-06,18:52:52,3.28,85.05,980.38
2026-02-06,19:07:52,3.26,86.16,980.59
2026-02-06,19:22:52,3.29,86.64,980.67
2026-02-06,19:37:52,3.31,86.92,980.92
2026-02-06,19:52:52,3.45,85.92,980.98
2026-02-06,20:07:53,3.4,85.78,981.3
2026-02-06,20:22:53,3.38,86.33,981.42
2026-02-06,20:37:53,3.4,87.91,981.52
2026-02-06,20:52:53,3.23,88.04,981.6
2026-02-06,21:07:53,3.46,89.62,981.81
2026-02-06,21:22:53,3.46,88.99,981.95
2026-02-06,21:37:53,3.49,89.12,982.04
2026-02-06,21:52:54,3.5,88.03,982.3
2026-02-06,22:07:54,3.47,88.03,982.44
2026-02-06,22:22:54,3.5,88.61,982.67
2026-02-06,22:37:54,3.55,87.75,982.56
2026-02-06,22:52:54,3.51,87.97,982.69
2026-02-06,23:07:54,3.5,87.47,982.86
2026-02-06,23:22:54,3.46,87.63,983.14
2026-02-06,23:37:54,3.47,88.08,983.12
2026-02-06,23:52:55,3.44,88.3,983.25
2026-02-07,00:07:55,3.34,89.51,983.41
2026-02-07,00:22:55,3.37,89.86,983.57
2026-02-07,00:37:55,3.3,90.99,983.69
2026-02-07,00:52:55,3.15,91.91,983.79
2026-02-07,01:07:55,3.21,92.25,983.92
2026-02-07,01:22:55,3.28,92.12,984.13
2026-02-07,01:37:56,3.3,92.3,984.15
2026-02-07,01:52:56,3.46,91.24,984.29
2026-02-07,02:07:56,3.51,91.13,984.48
2026-02-07,02:22:56,3.52,91.89,984.45
2026-02-07,02:37:56,3.32,91.51,984.54
2026-02-07,02:52:56,3.37,92.5,984.52
2026-02-07,03:07:56,3.41,92.19,984.62
2026-02-07,03:22:56,3.45,92.97,984.67
2026-02-07,03:37:57,3.47,93.15,984.85
2026-02-07,03:52:57,3.45,93.25,984.81
2026-02-07,04:07:57,3.47,94.04,984.88
2026-02-07,04:22:57,3.47,93.99,985.11
2026-02-07,04:37:57,3.43,94.55,985.11
2026-02-07,04:52:57,3.38,95.16,985.27
2026-02-07,05:07:57,3.39,95.55,985.39
2026-02-07,05:22:57,3.41,95.72,985.56
2026-02-07,05:37:58,3.42,96.24,985.53
2026-02-07,05:52:58,3.27,96.35,985.75
2026-02-07,06:07:58,3.43,96.56,985.94
2026-02-07,06:22:58,3.54,96.87,985.95
2026-02-07,06:37:58,3.66,96.94,986.06
2026-02-07,06:52:58,3.68,97.02,986.23
2026-02-07,07:07:58,3.63,97.23,986.31
2026-02-07,07:22:59,3.66,97.55,986.43
2026-02-07,07:37:59,3.58,97.39,986.61
2026-02-07,07:52:59,3.65,97.74,986.86
2026-02-07,08:07:59,3.58,97.68,986.94
2026-02-07,08:22:59,3.64,97.81,987.04
2026-02-07,08:37:59,3.86,98.01,987.27
2026-02-07,08:52:59,4.02,98.04,987.28
2026-02-07,09:07:59,4.06,97.93,987.35
2026-02-07,09:23:00,4.37,98.07,987.59
2026-02-07,09:38:00,4.51,98.3,987.77
2026-02-07,09:53:00,4.77,97.89,987.97
2026-02-07,10:08:00,4.86,97.96,988.11
2026-02-07,10:23:00,4.99,97.88,988.23
2026-02-07,10:38:00,5.69,97.58,988.26
2026-02-07,10:53:00,6.16,96.26,988.43
2026-02-07,11:08:00,6.44,95.12,988.5
2026-02-07,11:07:19,6.46,94.9,988.52
2026-02-07,11:24:08,6.69,93.84,988.56
2026-02-07,11:39:09,7.47,91.32,988.63
2026-02-07,11:54:09,7.63,90.78,988.66
2026-02-07,12:09:09,8.4,87.79,988.61
2026-02-07,12:24:09,8.69,85.9,988.6
2026-02-07,12:39:09,9.1,83.41,988.56
2026-02-07,12:54:09,9.56,80.4,988.58
2026-02-07,13:09:09,9.92,78.05,988.6
2026-02-07,13:24:09,10.31,77.22,988.56
2026-02-07,13:39:10,11.77,70.17,988.61
2026-02-07,13:54:10,12.43,66.73,988.51
2026-02-07,14:09:10,11.37,68.35,988.48
2026-02-07,14:24:10,12.68,65.18,988.48
2026-02-07,14:39:10,9.77,74.96,988.61
2026-02-07,14:54:10,9.3,76.78,988.75
2026-02-07,15:09:10,9.32,73.36,988.71
2026-02-07,15:24:11,9.46,73.61,988.83
2026-02-07,15:39:11,9.49,72.21,988.93
2026-02-07,15:54:11,9.28,74.59,988.97
2026-02-07,16:09:11,9.06,75.01,989.04
2026-02-07,16:24:11,9.12,72.72,989.17
2026-02-07,16:39:11,8.62,76.56,989.29
2026-02-07,16:54:11,8.3,77.8,989.35
2026-02-07,17:09:11,8.29,78.8,989.4
2026-02-07,17:24:12,7.46,83.41,989.45
2026-02-07,17:39:12,7.09,84.07,989.59
2026-02-07,17:54:12,6.93,87.77,989.77
2026-02-07,18:09:12,6.49,89.7,989.96
2026-02-07,18:24:12,5.94,91.68,990.08
2026-02-07,18:39:12,5.44,94.03,990.17
2026-02-07,18:54:12,4.31,94.04,990.15
2026-02-07,19:09:12,3.54,95.4,990.36
2026-02-07,19:24:13,2.91,95.15,990.43
2026-02-07,19:39:13,2.51,95.72,990.5
2026-02-07,19:54:13,2.54,96.45,990.55
2026-02-07,20:09:13,2.66,96.91,990.63
2026-02-07,20:24:13,2.55,96.94,990.93
2026-02-07,20:39:13,2.84,97.54,990.94
2026-02-07,20:54:14,2.69,97.81,990.99
2026-02-07,21:09:14,2.72,97.58,991.04
2026-02-07,21:24:14,2.46,97.95,991.15
2026-02-07,21:39:14,2.32,98.68,991.25
2026-02-07,21:54:14,2.6,99.04,991.27
2026-02-07,22:09:14,2.66,99.2,991.34
2026-02-07,22:24:14,2.76,99.38,991.34
2026-02-07,22:39:15,2.48,99.55,991.44
2026-02-07,22:54:15,2.5,99.78,991.36
2026-02-07,23:09:15,2.33,100,991.45
2026-02-07,23:24:15,2.23,100,991.43
2026-02-07,23:39:15,2.11,100,991.49
2026-02-07,23:54:15,1.98,100,991.63
2026-02-08,00:09:15,2.08,100,991.52
2026-02-08,00:24:15,1.88,100,991.61
2026-02-08,00:39:16,1.54,100,991.63
2026-02-08,00:54:16,1.18,100,991.7
2026-02-08,01:09:16,1.07,100,991.68
2026-02-08,01:24:16,1.09,100,991.66
2026-02-08,01:39:16,1.12,100,991.75
2026-02-08,01:54:16,1.17,100,991.72
2026-02-08,02:09:16,1.32,100,991.83
2026-02-08,02:24:17,1.43,100,991.87
2026-02-08,02:39:17,1.34,100,991.84
2026-02-08,02:54:17,1.62,100,991.84
2026-02-08,03:09:17,1.72,100,991.84
2026-02-08,03:24:17,1.89,100,991.9
2026-02-08,03:39:17,1.92,100,991.88
2026-02-08,03:54:17,1.83,100,991.86
2026-02-08,04:00:36,1.81,100,991.88
2026-02-08,04:15:48,2.12,100,992.03
2026-02-08,04:30:48,1.91,100,991.92
2026-02-08,04:45:48,1.79,100,991.98
2026-02-08,05:00:48,1.76,100,992.05
2026-02-08,05:15:48,1.37,100,992.11
2026-02-08,05:30:49,1.31,100,992.17
2026-02-08,05:45:49,1.18,100,992.01
2026-02-08,06:00:49,1.0,100,991.94
2026-02-08,06:15:49,0.86,100,992.05
2026-02-08,06:45:49,0.59,100,992.08
2026-02-08,07:00:49,0.41,100,992.3
2026-02-08,07:15:49,0.25,100,992.45
2026-02-08,07:30:49,0.23,100,992.48
2026-02-08,07:45:50,0.03,100,992.62
2026-02-08,08:00:50,0.05,100,992.7
2026-02-08,08:15:50,-0.1,100,992.82
2026-02-08,08:30:50,-0.06,100,992.85
2026-02-08,08:45:50,-0.04,100,992.96
2026-02-08,09:00:50,0.29,100,993.03
2026-02-08,09:15:50,0.75,100,993.04
2026-02-08,09:30:51,0.96,100,993.0
2026-02-08,09:45:51,1.47,100,993.2
2026-02-08,10:00:51,1.73,100,993.16
2026-02-08,10:15:51,2.13,100,993.21
2026-02-08,10:30:51,2.6,100,993.17
2026-02-08,10:45:51,2.86,100,993.33
2026-02-08,11:00:51,3.0,100,993.38
2026-02-08,11:15:51,3.38,100,993.36
2026-02-08,11:30:52,3.92,100,993.45
2026-02-08,11:45:52,4.3,98.99,993.34
2026-02-08,12:00:52,4.73,97.4,993.29
2026-02-08,12:15:52,4.92,96.08,993.19
2026-02-08,12:30:52,5.06,94.8,993.25
2026-02-08,12:45:52,5.27,93.3,993.11
2026-02-08,13:00:52,5.71,91.71,993.04
2026-02-08,13:15:53,6.18,86.64,992.95
2026-02-08,13:30:53,5.84,86.88,992.87
2026-02-08,13:45:53,6.25,86.37,992.93
2026-02-08,14:00:53,6.7,82.97,992.86
2026-02-08,14:15:53,7.25,81.36,992.69
2026-02-08,14:30:53,7.23,79.87,992.64
2026-02-08,14:45:53,7.32,80.52,992.59
2026-02-08,15:00:53,7.72,77.7,992.51
2026-02-08,15:15:54,7.21,78.87,992.41
2026-02-08,15:30:54,7.35,78.34,992.38
2026-02-08,15:45:54,7.47,77.67,992.44
2026-02-08,16:00:54,7.18,77.89,992.42
2026-02-08,16:15:54,7.42,77.02,992.41
2026-02-08,16:30:54,7.06,78.62,992.43
2026-02-08,16:45:54,6.39,83.88,992.54
2026-02-08,17:00:54,6.12,85.28,992.45
2026-02-08,17:15:55,5.93,86.15,992.61
2026-02-08,17:30:55,5.69,86.32,992.77
2026-02-08,17:45:55,5.27,86.91,992.87
2026-02-08,18:00:55,4.65,88.97,993.1
2026-02-08,18:15:55,4.24,89.25,993.27
2026-02-08,18:30:55,3.7,90.82,993.27
2026-02-08,18:45:55,3.11,93.09,993.36
2026-02-08,19:00:56,2.25,95.0,993.33
2026-02-08,19:15:56,1.83,96.45,993.33
2026-02-08,19:30:56,1.2,97.41,993.22
2026-02-08,19:45:56,0.46,97.71,993.3
2026-02-08,20:00:56,0.82,98.95,993.38
2026-02-08,20:15:56,0.78,99.75,993.54
2026-02-08,20:30:56,0.74,100,993.58
2026-02-08,20:45:56,0.78,100,993.74
2026-02-08,21:00:57,0.82,100,993.77
2026-02-08,21:15:57,0.82,100,993.73
2026-02-08,21:30:57,0.9,100,993.75
2026-02-08,21:45:57,0.77,100,993.72
2026-02-08,22:00:57,0.8,100,993.73
2026-02-08,22:15:57,0.56,100,993.81
2026-02-08,22:30:57,0.44,100,993.86
2026-02-08,22:45:57,0.45,100,993.86
2026-02-08,23:00:58,0.45,100,994.01
2026-02-08,23:15:58,0.55,100,993.97
2026-02-08,23:30:58,0.61,100,993.84
2026-02-08,23:45:58,0.72,100,993.74
2026-02-09,00:00:58,0.82,100,993.67
2026-02-09,00:15:58,0.84,100,993.68
2026-02-09,00:30:58,0.81,100,993.73
2026-02-09,00:45:59,0.81,100,993.6
2026-02-09,01:00:59,0.8,100,993.5
2026-02-09,01:15:59,0.82,100,993.44
2026-02-09,01:30:59,0.77,100,993.24
2026-02-09,01:45:59,0.72,100,993.28
2026-02-09,02:00:59,0.66,100,993.22
2026-02-09,02:15:59,0.62,100,993.23
2026-02-09,02:30:59,0.71,100,993.22
2026-02-09,02:46:00,0.66,100,993.05
2026-02-09,03:01:00,0.64,100,992.98
2026-02-09,03:16:00,0.62,100,992.89
2026-02-09,03:31:00,0.68,100,992.8
2026-02-09,03:46:00,0.63,100,992.69
2026-02-09,04:01:00,0.57,100,992.64
2026-02-09,04:16:00,0.58,100,992.46
2026-02-09,04:31:01,0.57,100,992.41
2026-02-09,04:46:01,0.59,100,992.37
2026-02-09,05:01:01,0.59,100,992.29
2026-02-09,05:16:01,0.61,100,992.24
2026-02-09,05:31:01,0.63,100,992.15
2026-02-09,05:46:01,0.67,100,992.13
2026-02-09,06:01:01,0.72,100,992.18
2026-02-09,06:16:01,0.79,100,992.16
2026-02-09,06:31:02,0.82,100,992.11
2026-02-09,06:46:02,0.81,100,992.08
2026-02-09,07:01:02,0.85,100,992.06
2026-02-09,07:16:02,0.85,100,992.17
2026-02-09,07:31:02,0.96,100,992.29
2026-02-09,07:46:02,1.13,100,992.28
2026-02-09,08:01:02,1.29,100,992.24
2026-02-09,08:16:02,1.38,100,992.32
2026-02-09,08:31:03,1.58,100,992.23
2026-02-09,08:46:03,1.79,100,992.36
2026-02-09,09:01:03,2.14,100,992.38
2026-02-09,09:16:03,2.38,98.54,992.35
2026-02-09,09:31:03,2.65,96.88,992.35
2026-02-09,09:46:03,3.11,95.15,992.4
2026-02-09,10:01:03,3.34,92.55,992.42
2026-02-09,10:16:04,3.4,91.23,992.51
2026-02-09,10:31:04,3.63,90.64,992.48
2026-02-09,10:46:04,3.98,87.88,992.41
2026-02-09,11:01:04,4.41,86.01,992.48
2026-02-09,11:16:04,4.46,85.3,992.48
2026-02-09,11:31:04,5.23,81.82,992.5
2026-02-09,11:46:04,5.23,81.2,992.44
2026-02-09,12:01:04,5.2,80.73,992.25
2026-02-09,12:16:05,5.77,79.26,992.14
2026-02-09,12:31:05,5.05,81.26,992.01
2026-02-09,12:46:05,5.29,80.63,991.86
2026-02-09,13:01:05,4.8,82.3,991.57
2026-02-09,13:16:05,6.82,76.16,991.49
2026-02-09,13:31:05,6.13,76.76,991.29
2026-02-09,13:46:05,5.52,78.39,991.03
2026-02-09,14:01:05,5.77,77.7,991.01
2026-02-09,14:16:06,5.44,78.31,990.85
2026-02-09,14:31:06,5.13,77.79,990.78
2026-02-09,14:46:06,5.0,78.27,990.74
2026-02-09,15:01:06,4.86,79.33,990.67
2026-02-09,15:16:06,4.88,79.81,990.6
2026-02-09,15:31:06,4.84,80.25,990.64
2026-02-09,15:46:06,4.75,80.14,990.62
2026-02-09,16:01:07,4.71,79.92,990.7
2026-02-09,16:16:07,4.69,80.83,990.78
2026-02-09,16:31:07,4.63,80.96,990.75
2026-02-09,16:46:07,4.63,80.9,990.68
2026-02-09,17:01:07,4.71,80.3,990.62
2026-02-09,17:16:07,4.6,80.78,990.58
2026-02-09,17:31:07,4.47,80.41,990.54
2026-02-09,17:46:07,4.48,79.81,990.35
2026-02-09,18:01:08,4.51,78.97,990.22
2026-02-09,18:16:08,4.55,77.99,990.06
2026-02-09,18:31:08,4.49,78.67,989.98
2026-02-09,18:46:08,4.45,78.11,989.86
2026-02-09,19:01:08,4.4,78.37,989.78
2026-02-09,19:16:08,4.33,79.02,989.72
2026-02-09,19:31:08,4.22,79.66,989.67
2026-02-09,19:46:08,4.24,79.93,989.57
2026-02-09,20:01:09,4.19,79.84,989.56
2026-02-09,20:16:09,4.24,79.43,989.5
2026-02-09,20:31:09,4.19,79.52,989.33
2026-02-09,20:46:09,4.21,79.61,989.3
2026-02-09,21:01:09,4.18,79.76,989.25
2026-02-09,21:16:09,4.08,80.64,989.19
2026-02-09,21:31:09,4.18,80.25,989.04
2026-02-09,21:46:09,4.06,80.88,989.08
2026-02-09,22:01:10,4.02,81.09,988.9
2026-02-09,22:16:10,3.92,81.47,988.82
2026-02-09,22:31:10,3.85,81.71,988.73
2026-02-09,22:46:10,3.56,82.39,988.48
2026-02-09,23:01:10,3.07,84.55,988.22
2026-02-09,23:16:10,2.85,85.42,988.1
2026-02-09,23:31:10,2.4,87.06,987.98
2026-02-09,23:46:11,1.66,89.83,987.92
2026-02-10,00:01:11,1.51,91.43,987.88
2026-02-10,00:16:11,0.87,93.06,987.88
2026-02-10,00:31:11,0.08,94.12,987.79
2026-02-10,00:46:11,-0.56,94.87,987.59
2026-02-10,01:01:11,-0.89,96.41,987.45
2026-02-10,01:16:11,-1.13,98.15,987.2
2026-02-10,01:31:11,-1.16,99.17,987.09
2026-02-10,01:46:12,-1.0,99.85,986.93
2026-02-10,02:01:12,-1.15,100,986.73
2026-02-10,02:16:12,-1.04,100,986.52
2026-02-10,02:31:12,-1.28,100,986.57
2026-02-10,02:46:12,-1.52,100,986.31
2026-02-10,03:01:12,-1.53,100,986.33
2026-02-10,03:16:12,-1.95,100,986.08
2026-02-10,03:31:12,-1.38,100,985.86
2026-02-10,03:46:13,-0.69,100,985.73
2026-02-10,04:01:13,-0.36,100,985.48
2026-02-10,04:16:13,-0.24,100,985.28
2026-02-10,04:31:13,-0.08,100,985.11
2026-02-10,04:46:13,0.05,99.43,985.0
2026-02-10,05:01:13,-0.51,99.22,984.94
2026-02-10,05:16:13,-0.9,100,984.73
2026-02-10,05:31:14,-0.15,100,984.66
2026-02-10,05:46:14,-0.24,100,984.57
2026-02-10,06:01:14,-0.32,100,984.3
2026-02-10,06:16:14,-0.27,99.86,984.27
2026-02-10,06:31:14,0.07,100,983.94
2026-02-10,06:46:14,0.79,96.98,983.88
2026-02-10,07:01:14,0.99,95.08,983.76
2026-02-10,07:16:14,1.18,94.62,983.68
2026-02-10,07:31:15,1.54,92.8,983.59
2026-02-10,07:46:15,1.71,92.41,983.58
2026-02-10,08:01:15,1.89,91.2,983.48
2026-02-10,08:16:15,1.96,90.81,983.46
2026-02-10,08:31:15,2.07,90.67,983.46
2026-02-10,08:46:15,2.19,90.1,983.44
2026-02-10,09:01:15,2.45,89.05,983.36
2026-02-10,09:16:16,2.87,87.84,983.22
2026-02-10,09:31:16,3.11,86.43,983.31
2026-02-10,09:46:16,3.29,85.51,983.15
2026-02-10,10:01:16,3.56,85.73,982.93
2026-02-10,10:16:16,3.41,87.83,982.93
2026-02-10,10:31:16,3.55,88.91,982.82
2026-02-10,10:46:16,3.81,87.12,982.72
2026-02-10,11:01:16,4.1,87.85,982.69
2026-02-10,11:16:17,4.32,86.01,982.56
2026-02-10,11:31:17,4.74,85.72,982.36
2026-02-10,11:46:17,5.04,83.4,982.11
2026-02-10,12:01:17,6.33,79.75,981.93
2026-02-10,12:16:17,5.85,80.91,981.81
2026-02-10,12:31:17,6.63,80.19,981.52
2026-02-10,12:46:17,6.78,79.45,981.29
2026-02-10,13:01:17,6.98,80.36,981.13
2026-02-10,13:16:18,6.92,80.16,980.79
2026-02-10,13:31:18,7.18,79.86,980.62
2026-02-10,13:46:18,7.06,80.47,980.52
2026-02-10,14:01:18,7.84,79.84,980.22
2026-02-10,14:16:18,8.26,78.67,979.89
2026-02-10,14:31:18,8.76,76.81,979.51
2026-02-10,14:46:18,8.3,77.95,979.34
2026-02-10,15:01:19,8.25,78.83,979.07
2026-02-10,15:16:19,8.16,79.61,978.99
2026-02-10,15:31:19,7.98,80.25,978.99
2026-02-10,15:46:19,7.89,81.12,978.72
2026-02-10,16:01:19,7.73,84.68,978.69
2026-02-10,16:16:19,7.03,91.22,978.51
2026-02-10,16:31:19,6.77,93.28,978.42
2026-02-10,16:46:19,6.64,95.97,978.18
2026-02-10,17:01:20,6.46,97.85,978.15
2026-02-10,17:16:20,6.39,99.09,978.05
2026-02-10,17:31:20,6.32,98.95,977.93
2026-02-10,17:46:20,6.25,99.32,977.79
2026-02-10,18:01:20,6.1,99.83,977.76
2026-02-10,18:16:20,6.07,100,977.56
2026-02-10,18:31:20,6.05,100,977.33
2026-02-10,18:46:21,5.99,100,977.16
2026-02-10,19:01:21,5.95,100,976.93
2026-02-10,19:16:21,6.01,100,976.72
2026-02-10,19:31:21,6.05,100,976.61
2026-02-10,19:46:21,6.25,99.6,976.41
2026-02-10,20:01:21,6.35,98.8,976.11
2026-02-10,20:16:21,6.41,98.18,975.9
2026-02-10,20:31:21,6.46,97.96,975.64
2026-02-10,20:46:22,6.66,96.93,975.39
2026-02-10,21:01:22,6.72,97.23,975.15
2026-02-10,21:16:22,6.79,97.02,974.84
2026-02-10,21:31:22,6.88,96.86,974.6
2026-02-10,21:46:22,6.88,96.71,974.31
2026-02-10,22:01:22,6.89,97.2,974.13
2026-02-10,22:16:22,6.81,98.11,973.92
2026-02-10,22:31:22,6.71,99.63,973.79
2026-02-10,22:46:23,6.61,100,973.58
2026-02-10,23:01:23,6.49,100,973.27
2026-02-10,23:16:23,6.48,100,973.04
2026-02-10,23:31:23,6.43,100,972.81
2026-02-10,23:46:23,6.52,100,972.56
2026-02-11,00:01:23,6.51,100,972.27
2026-02-11,00:16:23,6.48,100,972.11
2026-02-11,00:31:24,6.35,100,971.91
2026-02-11,00:46:24,6.21,100,971.58
2026-02-11,01:01:24,6.18,99.93,971.38
2026-02-11,01:16:24,6.15,99.34,971.18
2026-02-11,01:31:24,6.01,99.7,971.06
2026-02-11,01:46:24,6.06,99.33,970.95
2026-02-11,02:01:24,6.12,99.1,970.78
2026-02-11,02:16:24,6.22,98.16,970.58
2026-02-11,02:31:25,6.36,96.74,970.47
2026-02-11,02:46:25,6.43,96.51,970.26
2026-02-11,03:01:25,6.41,97.32,970.01
2026-02-11,03:16:25,6.29,98.84,969.8
2026-02-11,03:31:25,6.38,98.65,969.52
2026-02-11,03:46:25,6.43,98.26,969.39
2026-02-11,04:01:25,6.38,98.89,969.39
2026-02-11,04:16:25,6.25,99.9,969.24
2026-02-11,04:31:26,6.21,100,969.22
2026-02-11,04:46:26,6.2,100,969.19
2026-02-11,05:01:26,6.17,100,969.18
2026-02-11,05:16:26,6.23,100,969.11
2026-02-11,05:31:26,6.27,100,968.89
2026-02-11,05:46:26,6.32,100,968.84
2026-02-11,06:01:26,6.44,100,968.69
2026-02-11,06:16:26,7.35,100,968.6
2026-02-11,06:31:27,7.9,100,968.57
2026-02-11,06:46:27,8.13,100,968.49
2026-02-11,07:01:27,8.24,100,968.44
2026-02-11,07:16:27,8.28,100,968.44
2026-02-11,07:31:27,8.29,100,968.52
2026-02-11,07:46:27,8.38,100,968.62
2026-02-11,08:01:27,8.48,100,968.65
2026-02-11,08:16:28,8.5,100,968.84
2026-02-11,08:31:28,8.5,100,968.93
2026-02-11,08:46:28,8.57,100,969.05
2026-02-11,09:01:28,8.75,100,969.11
2026-02-11,09:16:28,8.82,100,969.13
2026-02-11,09:31:28,8.83,100,969.33
2026-02-11,09:46:28,8.86,100,969.49
2026-02-11,10:01:28,8.83,100,969.67
2026-02-11,10:16:29,8.82,100,969.89
2026-02-11,10:31:29,8.8,100,970.04
2026-02-11,10:46:29,8.66,100,970.25
2026-02-11,11:01:29,8.6,100,970.43
2026-02-11,11:16:29,8.65,100,970.5
2026-02-11,11:31:29,8.88,100,970.62
2026-02-11,11:46:29,8.77,100,970.67
2026-02-11,12:01:30,8.73,100,970.68
2026-02-11,12:16:30,8.95,100,970.71
2026-02-11,12:31:30,9.13,100,970.75
2026-02-11,12:46:30,9.21,100,970.75
2026-02-11,13:01:30,9.34,100,970.76
2026-02-11,13:16:30,9.42,100,970.8
2026-02-11,13:31:30,9.69,100,970.83
2026-02-11,13:46:30,9.91,100,970.73
2026-02-11,14:01:31,10.08,100,970.68
2026-02-11,14:16:31,10.35,98.72,970.62
2026-02-11,14:31:31,10.37,98.41,970.62
2026-02-11,14:46:31,9.93,100,970.56
2026-02-11,15:01:31,10.27,98.71,970.49
2026-02-11,15:16:31,10.27,99.37,970.5
2026-02-11,15:31:31,10.39,98.36,970.57
2026-02-11,15:46:31,9.95,99.19,970.68
2026-02-11,16:01:32,9.79,100,970.82
2026-02-11,16:16:32,9.59,100,970.89
2026-02-11,16:31:32,9.49,100,971.03
2026-02-11,16:46:32,9.51,100,971.15
2026-02-11,17:01:32,9.61,100,971.18
2026-02-11,17:16:32,9.53,100,971.17
2026-02-11,17:31:32,9.42,100,971.11
2026-02-11,17:46:33,9.49,100,971.09
2026-02-11,18:01:33,9.27,100,971.18
2026-02-11,18:16:33,9.01,100,971.18
2026-02-11,18:31:33,9.27,99.36,971.13
2026-02-11,18:46:33,9.28,99.0,971.34
2026-02-11,19:01:33,9.28,97.97,971.45
2026-02-11,19:16:33,9.26,98.32,971.55
2026-02-11,19:31:33,9.17,98.53,971.5
2026-02-11,19:46:34,9.04,98.19,971.41
2026-02-11,20:01:34,9.0,98.88,971.43
2026-02-11,20:16:34,8.85,98.36,971.27
2026-02-11,20:31:34,9.01,96.89,971.2
2026-02-11,20:46:34,9.01,95.46,971.14
2026-02-11,21:01:34,8.68,96.72,971.02
2026-02-11,21:16:34,8.64,96.08,970.95
2026-02-11,21:31:35,8.61,94.72,970.92
2026-02-11,21:46:35,8.76,94.48,970.74
2026-02-11,22:01:35,8.87,93.76,970.67
2026-02-11,22:16:35,8.8,93.68,970.38
2026-02-11,22:31:35,8.77,92.44,970.27
2026-02-11,22:46:35,8.36,93.81,969.85
2026-02-11,23:01:35,8.35,93.25,969.48
2026-02-11,23:16:35,8.29,93.49,969.25
2026-02-11,23:31:36,8.34,92.54,968.85
2026-02-11,23:46:36,8.23,91.88,968.52
2026-02-12,00:01:36,8.14,91.57,968.2
2026-02-12,00:16:36,8.28,89.97,968.01
2026-02-12,00:31:36,8.47,87.43,967.75
2026-02-12,00:46:36,8.15,91.16,967.63
2026-02-12,01:01:36,7.78,94.57,967.3
2026-02-12,01:16:37,7.53,96.79,966.63
2026-02-12,01:31:37,7.5,97.65,966.23
2026-02-12,01:46:37,7.28,99.64,965.9
2026-02-12,02:01:37,7.22,100,965.6
2026-02-12,02:16:37,7.14,100,965.13
2026-02-12,02:31:37,7.09,100,964.85
2026-02-12,02:46:37,7.02,100,964.61
2026-02-12,03:01:37,7.07,100,964.27
2026-02-12,03:16:38,7.06,100,963.9
2026-02-12,03:31:38,6.94,100,963.62
2026-02-12,03:46:38,6.92,100,963.37
2026-02-12,04:01:38,6.86,100,963.17
2026-02-12,04:16:38,6.88,100,962.82
2026-02-12,04:31:38,6.87,100,962.64
2026-02-12,04:46:38,6.89,100,962.51
2026-02-12,05:01:38,6.93,100,962.24
2026-02-12,05:16:39,7.03,100,962.18
2026-02-12,05:31:39,7.94,98.87,962.0
2026-02-12,05:46:39,8.04,98.27,961.89
2026-02-12,06:01:39,8.24,96.65,961.73
2026-02-12,06:16:39,8.34,94.75,961.69
2026-02-12,06:31:39,8.1,96.42,961.69
2026-02-12,06:46:39,8.23,95.75,961.66
2026-02-12,07:01:40,8.41,95.28,961.7
2026-02-12,07:16:40,8.49,94.17,961.57
2026-02-12,07:31:40,8.55,93.45,961.58
2026-02-12,07:46:40,8.6,93.15,961.71
2026-02-12,08:01:40,8.57,92.97,961.85
2026-02-12,08:16:40,8.61,92.79,961.88
2026-02-12,08:31:40,8.6,92.81,961.86
2026-02-12,08:46:40,8.73,91.67,961.69
2026-02-12,09:01:41,8.7,91.95,961.7
2026-02-12,09:16:41,9.45,89.21,961.8
2026-02-12,09:31:41,9.21,89.75,961.87
2026-02-12,09:46:41,9.6,88.59,961.89
2026-02-12,10:01:41,9.5,87.84,962.09
2026-02-12,10:16:41,9.72,86.64,962.05
2026-02-12,10:31:41,9.98,86.41,962.05
2026-02-12,10:46:42,10.4,84.75,962.13
2026-02-12,11:01:42,10.48,85.03,962.19
2026-02-12,11:16:42,10.29,85.82,962.34
2026-02-12,11:31:42,9.28,94.58,962.5
2026-02-12,11:46:42,8.86,97.85,962.59
2026-02-12,12:01:42,8.73,98.25,962.57
2026-02-12,12:16:42,9.05,98.09,962.61
2026-02-12,12:31:42,8.98,98.05,962.68
2026-02-12,12:46:43,9.21,98.65,962.76
2026-02-12,13:01:43,8.99,98.84,962.88
2026-02-12,13:16:43,9.18,98.81,963.12
2026-02-12,13:31:43,8.94,99.46,963.31
2026-02-12,13:46:43,8.77,100,963.54
2026-02-12,14:01:43,8.67,99.3,964.19
2026-02-12,14:16:43,8.64,99.04,964.71
2026-02-12,14:31:43,8.55,97.24,965.29
2026-02-12,14:46:44,8.18,96.85,965.86
2026-02-12,15:01:44,8.26,93.31,966.48
2026-02-12,15:16:44,8.27,92.77,966.92
2026-02-12,15:31:44,8.44,93.36,967.35
2026-02-12,15:46:44,8.73,89.95,967.47
2026-02-12,16:01:44,8.6,91.71,967.8
2026-02-12,16:16:44,9.09,87.99,968.17
2026-02-12,16:31:45,9.56,85.33,968.5
2026-02-12,16:46:45,8.88,84.18,968.69
2026-02-12,17:01:45,8.53,86.7,968.94
2026-02-12,17:16:45,8.02,89.21,969.17
2026-02-12,17:31:45,7.54,89.79,969.32
2026-02-12,17:46:45,7.35,90.56,969.67
2026-02-12,18:01:45,7.52,88.56,969.81
2026-02-12,18:16:45,7.53,88.62,970.07
2026-02-12,18:31:46,6.97,90.33,970.44
2026-02-12,18:46:46,7.4,88.98,970.74
2026-02-12,19:01:46,7.73,88.45,970.91
2026-02-12,19:16:46,7.72,88.85,971.15
2026-02-12,19:31:46,7.63,87.79,971.37
2026-02-12,19:46:46,7.66,87.86,971.68
2026-02-12,19:43:28,7.88,86.78,971.79
2026-02-12,20:08:49,7.56,87.21,971.89
2026-02-12,20:23:49,7.52,86.64,972.06
2026-02-12,20:34:22,7.42,87.75,972.12
2026-02-12,20:47:36,7.37,87.83,972.3
2026-02-12,20:48:26,7.33,87.86,972.29
2026-02-12,20:57:48,7.36,87.4,972.39
2026-02-12,21:01:44,7.33,88.0,972.48
2026-02-12,21:16:56,7.31,88.09,972.5
2026-02-12,21:31:56,7.22,88.16,972.68
2026-02-12,21:46:56,7.38,87.22,972.83
2026-02-12,22:01:56,7.15,88.57,972.81
2026-02-12,22:16:56,7.29,88.04,972.82
2026-02-12,22:31:56,7.35,87.99,972.88
2026-02-12,22:46:56,7.31,89.26,972.95
2026-02-12,23:01:57,7.19,90.2,973.02
2026-02-12,23:16:57,7.29,90.96,973.13
2026-02-12,23:31:57,7.02,92.74,973.22
2026-02-12,23:46:57,6.98,93.43,973.41
2026-02-13,00:01:57,6.87,94.13,973.55
2026-02-13,00:16:57,7.01,93.25,973.71
2026-02-13,00:31:57,7.15,93.08,973.84
2026-02-13,00:46:58,7.32,92.02,973.9
2026-02-13,01:01:58,7.31,92.11,973.91
2026-02-13,01:16:58,7.44,91.89,974.09
2026-02-13,01:31:58,7.43,92.72,974.1
2026-02-13,01:46:58,7.41,93.99,974.21
2026-02-13,02:01:58,7.4,94.63,974.34
2026-02-13,02:16:58,7.33,95.74,974.46
2026-02-13,02:31:58,7.45,94.91,974.56
2026-02-13,02:46:59,7.53,94.57,974.67
2026-02-13,03:01:59,7.36,96.22,974.76
2026-02-13,03:16:59,7.13,97.47,974.68
2026-02-13,03:31:59,7.03,98.11,974.58
2026-02-13,03:46:59,6.9,98.53,974.58
2026-02-13,04:01:59,6.96,97.18,974.76
2026-02-13,04:16:59,6.98,96.34,974.76
2026-02-13,04:31:59,7.1,94.56,974.87
2026-02-13,04:47:00,7.18,93.22,974.88
2026-02-13,05:02:00,7.18,92.1,974.91
2026-02-13,05:17:00,7.25,90.24,975.06
2026-02-13,05:32:00,7.29,89.26,975.32
2026-02-13,05:47:00,7.31,88.51,975.39
2026-02-13,06:02:00,7.34,87.57,975.55
2026-02-13,06:17:00,7.28,87.13,975.58
2026-02-13,06:32:01,7.27,86.48,975.64
2026-02-13,06:47:01,7.07,87.65,975.76
2026-02-13,07:02:01,7.1,86.99,976.04
2026-02-13,07:17:01,7.0,87.41,976.06
2026-02-13,07:32:01,6.93,87.32,976.26
2026-02-13,07:47:01,6.7,89.18,976.34
2026-02-13,08:02:01,6.72,89.29,976.42
2026-02-13,08:17:01,6.68,90.04,976.68
2026-02-13,08:32:02,6.47,91.96,976.7
2026-02-13,08:47:02,6.46,90.8,976.7
2026-02-13,09:02:02,6.61,89.15,976.74
2026-02-13,09:17:02,6.92,89.07,976.76
2026-02-13,09:32:02,7.57,87.39,976.66
2026-02-13,09:47:02,7.63,87.09,976.73
2026-02-13,10:02:02,8.48,82.75,976.83
2026-02-13,10:17:02,8.1,82.96,976.85
2026-02-13,10:32:03,8.14,83.0,976.81
2026-02-13,10:47:03,8.48,80.77,976.8
2026-02-13,11:02:03,8.58,79.07,976.83
2026-02-13,11:17:03,11.35,70.36,976.72
2026-02-13,11:32:03,9.76,74.06,976.76
2026-02-13,11:47:03,11.31,67.55,976.84
2026-02-13,12:02:04,9.95,71.65,976.78
2026-02-13,12:17:04,10.18,70.15,976.64
2026-02-13,12:32:04,10.7,66.56,976.67
2026-02-13,12:47:04,10.37,69.73,976.75
2026-02-13,13:02:04,9.42,73.66,976.67
2026-02-13,13:17:04,9.28,76.08,976.55
2026-02-13,13:32:04,10.2,72.77,976.51
2026-02-13,13:47:04,9.54,75.36,976.5
2026-02-13,14:02:05,8.89,78.15,976.41
2026-02-13,14:17:05,8.97,79.13,976.37
2026-02-13,14:32:05,9.33,78.31,976.23
2026-02-13,14:47:05,9.85,75.74,976.09
2026-02-13,15:02:05,9.85,74.56,976.07
2026-02-13,15:17:05,10.0,75.23,976.01
2026-02-13,15:32:05,9.58,75.8,976.04
2026-02-13,15:47:05,9.61,75.89,975.99
2026-02-13,16:02:06,9.45,76.19,975.99
2026-02-13,16:17:06,9.24,76.08,976.04
2026-02-13,16:32:06,8.88,77.87,976.08
2026-02-13,16:47:06,8.71,77.49,976.13
2026-02-13,17:02:06,8.51,77.96,976.25
2026-02-13,17:17:06,8.27,79.7,976.33
2026-02-13,17:32:06,8.0,80.58,976.41
2026-02-13,17:47:07,7.96,81.36,976.47
2026-02-13,18:02:07,7.81,82.5,976.56
2026-02-13,18:17:07,7.65,85.14,976.68
2026-02-13,18:32:07,7.26,85.88,976.81
2026-02-13,18:47:07,7.23,87.13,977.04
2026-02-13,19:02:07,7.02,88.48,977.11
2026-02-13,19:17:07,6.85,88.56,977.22
2026-02-13,19:32:07,6.74,89.17,977.28
2026-02-13,19:47:08,6.58,91.02,977.38
2026-02-13,20:02:08,6.81,89.57,977.3
2026-02-13,20:17:08,6.89,89.81,977.46
2026-02-13,20:32:08,6.69,91.93,977.53
2026-02-13,20:47:08,6.65,91.88,977.55
2026-02-13,21:02:08,6.65,92.33,977.58
2026-02-13,21:17:09,6.54,92.75,977.52
2026-02-13,21:32:09,6.28,95.15,977.64
2026-02-13,21:47:09,5.86,96.3,977.69
2026-02-13,22:02:09,5.43,99.2,977.87
2026-02-13,22:17:09,5.97,97.61,977.97
2026-02-13,22:32:09,5.97,97.21,978.02
2026-02-13,22:47:09,5.74,98.27,978.16
2026-02-13,23:02:10,5.76,98.34,978.26
2026-02-13,23:17:10,5.59,99.37,978.41
2026-02-13,23:32:10,5.62,99.57,978.54
2026-02-13,23:47:10,5.64,99.36,978.62
2026-02-14,00:02:10,5.62,99.1,978.53
2026-02-14,00:17:10,5.48,99.83,978.58
2026-02-14,00:32:10,5.16,98.74,978.77
2026-02-14,00:47:11,4.58,97.2,978.93
2026-02-14,01:02:11,4.41,96.69,978.97
2026-02-14,01:17:11,4.33,96.54,979.21
2026-02-14,01:32:11,4.22,96.05,979.31
2026-02-14,01:47:11,4.11,95.34,979.45
2026-02-14,02:02:11,4.07,95.05,979.74
2026-02-14,02:17:11,4.02,93.77,980.0
2026-02-14,02:32:11,3.9,93.4,980.15
2026-02-14,02:47:12,3.76,91.93,980.31
2026-02-14,03:02:12,3.63,91.08,980.31
2026-02-14,03:17:12,3.53,90.5,980.56
2026-02-14,03:32:12,3.46,90.8,980.79
2026-02-14,03:47:12,3.41,90.96,980.77
2026-02-14,04:02:12,3.4,91.05,980.91
2026-02-14,04:17:12,3.44,91.04,981.15
2026-02-14,04:32:12,3.43,90.82,981.38
2026-02-14,04:47:13,3.44,90.7,981.58
2026-02-14,05:02:13,3.43,91.14,981.79
2026-02-14,05:17:13,3.4,91.88,981.98
2026-02-14,05:32:13,3.35,91.51,982.18
2026-02-14,05:47:13,3.25,92.31,982.29
2026-02-14,06:02:13,3.17,92.14,982.47
2026-02-14,06:17:13,3.1,91.89,982.64
